method,param,ari,silhouette,clusters,noise
kmeans,pcs=2,0.2853721630119431,0.4051838321543746,,
kmeans,pcs=3,0.2998166885532269,0.3278663604556101,,
kmeans,pcs=4,0.278276122533806,0.28408729283399653,,
kmeans,pcs=5,0.2782839625419734,0.25187064396231895,,
kmeans,pcs=6,0.2782839625419734,0.23406406285074716,,
kmeans,pcs=7,0.2782839625419734,0.2173529395090185,,
kmeans,pcs=8,0.2782839625419734,0.20519340573032127,,
kmeans,pcs=9,0.2782839625419734,0.19735301554248388,,
kmeans,pcs=10,0.2782839625419734,0.1908424246858669,,
dbscan,"eps=0.50,min=3",0.0,,0.0,302.0
dbscan,"eps=0.50,min=5",0.0,,0.0,302.0
dbscan,"eps=0.50,min=10",0.0,,0.0,302.0
dbscan,"eps=0.75,min=3",0.0,,0.0,302.0
dbscan,"eps=0.75,min=5",0.0,,0.0,302.0
dbscan,"eps=0.75,min=10",0.0,,0.0,302.0
dbscan,"eps=1.00,min=3",-0.002885242400937496,,1.0,299.0
dbscan,"eps=1.00,min=5",0.0,,0.0,302.0
dbscan,"eps=1.00,min=10",0.0,,0.0,302.0
dbscan,"eps=1.25,min=3",-0.00694306700357443,-0.22590528754373637,6.0,276.0
dbscan,"eps=1.25,min=5",-0.002778069109422812,,1.0,297.0
dbscan,"eps=1.25,min=10",0.0,,0.0,302.0
dbscan,"eps=1.50,min=3",-0.0007601350926298973,-0.19028299554467112,8.0,250.0
dbscan,"eps=1.50,min=5",-0.0030619488260886073,-0.1636349010276889,3.0,271.0
dbscan,"eps=1.50,min=10",0.0,,0.0,302.0
dbscan,"eps=1.75,min=3",0.06232866862028313,-0.13465866663097767,6.0,197.0
dbscan,"eps=1.75,min=5",0.03645309039789752,-0.1158710175794045,4.0,221.0
dbscan,"eps=1.75,min=10",0.006365767168805763,-0.1126701379322957,2.0,262.0
dbscan,"eps=2.00,min=3",0.024256791978364643,-0.10371480234514747,7.0,130.0
dbscan,"eps=2.00,min=5",0.10832062899167541,-0.0526544657625307,3.0,176.0
dbscan,"eps=2.00,min=10",0.11653864227903904,-0.0060968612806997224,2.0,205.0
dbscan,"eps=2.25,min=3",0.025546313534345853,0.0271355436086836,4.0,67.0
dbscan,"eps=2.25,min=5",0.030514985850146944,,1.0,89.0
dbscan,"eps=2.25,min=10",0.15572835940427554,0.06595073342746936,2.0,123.0
dbscan,"eps=2.50,min=3",0.03369015935348609,,1.0,29.0
dbscan,"eps=2.50,min=5",0.021851264796061275,,1.0,36.0
dbscan,"eps=2.50,min=10",0.022728091415001848,,1.0,60.0
dbscan,"eps=2.75,min=3",0.016627479217486998,,1.0,14.0
dbscan,"eps=2.75,min=5",0.01672464896315031,,1.0,16.0
dbscan,"eps=2.75,min=10",0.013030328923061944,,1.0,20.0
dbscan,"eps=3.00,min=3",0.005623274323624192,,1.0,6.0
dbscan,"eps=3.00,min=5",0.00572735329932151,,1.0,8.0
dbscan,"eps=3.00,min=10",0.009009613698604453,,1.0,10.0
dbscan,"eps=3.25,min=3",0.0001090634198070555,,1.0,2.0
dbscan,"eps=3.25,min=5",0.0001090634198070555,,1.0,2.0
dbscan,"eps=3.25,min=10",0.0001090634198070555,,1.0,2.0
dbscan,"eps=3.50,min=3",-0.0010498537139452934,,1.0,1.0
dbscan,"eps=3.50,min=5",-0.0010498537139452934,,1.0,1.0
dbscan,"eps=3.50,min=10",-0.0010498537139452934,,1.0,1.0
dbscan,"eps=3.75,min=3",-0.0010498537139452934,,1.0,1.0
dbscan,"eps=3.75,min=5",-0.0010498537139452934,,1.0,1.0
dbscan,"eps=3.75,min=10",-0.0010498537139452934,,1.0,1.0
dbscan,"eps=4.00,min=3",-0.0010498537139452934,,1.0,1.0
dbscan,"eps=4.00,min=5",-0.0010498537139452934,,1.0,1.0
dbscan,"eps=4.00,min=10",-0.0010498537139452934,,1.0,1.0
dbscan,"eps=4.25,min=3",0.0,,1.0,0.0
dbscan,"eps=4.25,min=5",0.0,,1.0,0.0
dbscan,"eps=4.25,min=10",0.0,,1.0,0.0
dbscan,"eps=4.50,min=3",0.0,,1.0,0.0
dbscan,"eps=4.50,min=5",0.0,,1.0,0.0
dbscan,"eps=4.50,min=10",0.0,,1.0,0.0
dbscan,"eps=4.75,min=3",0.0,,1.0,0.0
dbscan,"eps=4.75,min=5",0.0,,1.0,0.0
dbscan,"eps=4.75,min=10",0.0,,1.0,0.0
dbscan,"eps=5.00,min=3",0.0,,1.0,0.0
dbscan,"eps=5.00,min=5",0.0,,1.0,0.0
dbscan,"eps=5.00,min=10",0.0,,1.0,0.0
dbscan,"eps=5.25,min=3",0.0,,1.0,0.0
dbscan,"eps=5.25,min=5",0.0,,1.0,0.0
dbscan,"eps=5.25,min=10",0.0,,1.0,0.0
dbscan,"eps=5.50,min=3",0.0,,1.0,0.0
dbscan,"eps=5.50,min=5",0.0,,1.0,0.0
dbscan,"eps=5.50,min=10",0.0,,1.0,0.0
dbscan,"eps=5.75,min=3",0.0,,1.0,0.0
dbscan,"eps=5.75,min=5",0.0,,1.0,0.0
dbscan,"eps=5.75,min=10",0.0,,1.0,0.0
dbscan,"eps=6.00,min=3",0.0,,1.0,0.0
dbscan,"eps=6.00,min=5",0.0,,1.0,0.0
dbscan,"eps=6.00,min=10",0.0,,1.0,0.0
