model,best_params,cv_f1,cv_f1_std,cv_auroc,test_accuracy,test_auroc,test_precision,test_recall,test_f1
Elastic Net,"{'C': 0.1, 'l1_ratio': 0.5}",0.8713842823092316,0.03282537406475049,0.893907018907019,0.819672131147541,0.8852813852813852,0.7894736842105263,0.9090909090909091,0.8450704225352113
Random Forest,"{'max_depth': None, 'max_features': 'sqrt', 'min_samples_leaf': 3, 'n_estimators': 500}",0.8708990470131057,0.050974142842280024,0.9057239057239059,0.7540983606557377,0.8896103896103895,0.7368421052631579,0.8484848484848485,0.7887323943661971
SVM (rbf),"{'C': 1, 'gamma': 0.01}",0.8703608073945025,0.03147815146779689,0.9028749028749029,0.819672131147541,0.8928571428571428,0.7894736842105263,0.9090909090909091,0.8450704225352113
Logistic Regression,{'C': 0.1},0.8691562605494493,0.03156706543562587,0.9062807562807563,0.8360655737704918,0.8863636363636364,0.8108108108108109,0.9090909090909091,0.8571428571428571
Gradient Boosting,"{'learning_rate': 0.1, 'max_depth': 1, 'n_estimators': 100}",0.8684345536904324,0.052442619959623786,0.9015928515928516,0.8032786885245902,0.8712121212121212,0.7837837837837838,0.8787878787878788,0.8285714285714286
SVM (linear),{'C': 0.01},0.8657390762694954,0.03551292083618929,0.9009194509194509,0.819672131147541,0.8993506493506493,0.7894736842105263,0.9090909090909091,0.8450704225352113
SVM (poly),"{'C': 1, 'degree': 2}",0.8524565677178926,0.02897251879859836,0.8841750841750843,0.7540983606557377,0.9036796536796536,0.7045454545454546,0.9393939393939394,0.8051948051948052
Bagging,{'n_estimators': 100},0.8330117082336546,0.06061769704372168,0.8779331779331778,0.8032786885245902,0.8582251082251082,0.7837837837837838,0.8787878787878788,0.8285714285714286
Neural Net (MLP),"{'alpha': 0.001, 'hidden_layer_sizes': (16, 8), 'learning_rate_init': 0.01}",0.8038263850317143,0.060496931707222916,0.8346412846412846,0.7704918032786885,0.8116883116883117,0.7714285714285715,0.8181818181818182,0.7941176470588235
